sindex,field,ccd,qid,filter,pid,infobitssci,sciinpseeing,scibckgnd,scisigpix,zpmaginpsci,zpmaginpsciunc,zpmaginpscirms,clrcoeff,clrcoeffunc,ncalmatches,exptime,adpctdif1,adpctdif2,diffmaglim,zpdiff,programid,jd,rfid,diffimgstatus,forcediffimflux,forcediffimfluxunc,forcediffimsnr,forcediffimchisq,forcediffimfluxap,forcediffimfluxuncap,forcediffimsnrap,aperturecorr,dnearestrefsrc,nearestrefmag,nearestrefmagunc,nearestrefchi,nearestrefsharp,refjdstart,refjdend,procstatus,baseline,flux_corr,ref_flux,flux_total,mag,mag_unc
0,1246,5,4,ZTF_g,630440481915,33556480,3.2416,184.941,21.5328,25.076,0.00902504,0.203514,-0.125179,0.0276456,45,30.0,0.117227,0.091086,17.516,25.076,2,2458384.9404861,1246120119,1,-108.46749435028,101.079491,-1.193689,0.995045,-129.9379702941,148.309677,-0.882027,1.054463,0.0542611083947674,19.3370000839233,0.025000000372529,0.398999989032745,0.0189999993890524,2459129.887245,2459523.852384,0,,,0.0,,,
1,1247,8,3,ZTF_g,630441443015,0,2.681,176.415,16.5906,25.9559,9.13026e-05,0.0444066,-0.0477535,0.000192477,136,30.0,0.067129,0.075942,18.8922,25.9559,2,2458384.9414468,1247120130,1,264.22631689181,76.78495,3.827849,1.013856,292.05730027913,121.245781,2.425027,1.05784,0.0955625261887127,19.3350002288818,0.028999999165535,0.856000006198883,-0.006000000052154,2459129.937824,2459550.754884,0,,,0.0,,,
2,1247,8,3,ZTF_r,685383443015,0,2.5804,338.814,12.3398,25.6171,5.33206e-05,0.0444971,0.124588,7.8347e-05,248,30.0,0.053967,0.064215,18.9315,25.6171,2,2458439.8834491,1247120230,1,67.51951063595,58.974072,1.273571,0.952723,181.27884753201,96.020111,1.900641,1.055173,0.130232258018641,18.6270002365112,0.0230000000447035,0.995999991893768,0.0590000003576279,2459176.80588,2459497.953646,0,,,0.0,,,
